qid,qtype,question,gold,rag_answer,rag_acc,rag_completeness,rag_tokens,rag_seconds,graphrag_answer,graphrag_acc,graphrag_completeness,graphrag_tokens,graphrag_seconds,agentic_answer,agentic_acc,agentic_completeness,agentic_tokens,agentic_seconds
pub-001,aggregation,"According to the provided corpus, how many biathlon events at the 2018 Winter Olympics had more than 73 competitors?","[""5""]",2,0.0,0.727,2052,4.56,1,0.0,0.727,2052,4.07,5,1.0,0.455,1193,5.77
pub-002,temporal,Who won the gold medal in the men's 20 kilometres walk athletics event at the Summer Olympics held immediately before 2016?,"[""Chen Ding""]",Chen Ding,1.0,1.0,2054,4.14,Chen Ding (CHN),1.0,1.0,3656,7.66,Chen Ding (CHN),1.0,1.0,4207,15.36
pub-003,aggregation,"According to the provided corpus, how many shooting events at the 2004 Summer Olympics had more than 37 competitors?","[""8""]",0,0.0,0.353,3800,8.25,0,0.0,0.353,3609,7.87,8,1.0,0.471,1290,6.2
pub-004,superlative,"According to the provided corpus, which athletics event at the 2008 Summer Olympics had the highest number of competitors?","[""Athletics at the 2008 Summer Olympics \u2013 Men's marathon""]",Men's marathon,1.0,0.14,2054,4.42,Men's marathon,1.0,0.14,3723,8.32,Men's marathon,1.0,0.023,1074,5.38
pub-005,multi_hop,Who won the gold medal in the event held at Olympic Weightlifting Gymnasium on 20 September 1988?,"[""Naim S\u00fcleymano\u011flu""]","The provided information does not mention an event held at the Olympic Weightlifting Gymnasium on 20 September 1988. Therefore, it is not possible to determine who won the gold medal in that specific event based on the given data.",0.0,0.0,2102,4.13,I don't know.,0.0,0.0,3822,3.59,Naim Süleymanoğlu,1.0,1.0,2024,9.19
pub-006,temporal,Who won the gold medal in the women's 57 kg judo event at the Summer Olympics held immediately before 2020?,"[""Rafaela Silva""]",Rafaela Silva,1.0,1.0,2899,6.03,Rafaela Silva,1.0,1.0,3714,8.17,Rafaela Silva (BRA),1.0,1.0,4273,15.7
pub-007,temporal,Who won the gold medal in the men's pole vault athletics event at the Summer Olympics held immediately before 2016?,"[""Renaud Lavillenie""]",Renaud Lavillenie,1.0,1.0,3818,8.7,Renaud Lavillenie,1.0,1.0,3463,8.09,Renaud Lavillenie,1.0,1.0,4143,17.57
pub-008,superlative,"According to the provided corpus, which sailing event at the 2000 Summer Olympics had the highest number of competitors?","[""Sailing at the 2000 Summer Olympics \u2013 Soling""]",Open Two Person Keelboat,0.0,0.875,2057,5.04,Laser,0.0,0.875,3740,9.42,Soling,1.0,1.0,2364,10.56
pub-009,lookup,How many nations competed in Sailing at the 2016 Summer Olympics – Women's RS:X?,"[""26""]",20,0.0,1.0,2053,5.07,26,1.0,1.0,3959,9.93,26,1.0,1.0,2377,9.46
pub-010,aggregation,"According to the provided corpus, how many cycling events at the 2000 Summer Olympics had more than 30 competitors?","[""4""]",Men's individual road race,0.0,0.6,2056,5.78,4,1.0,0.6,3191,7.93,4,1.0,0.4,1140,7.35
pub-011,multi_hop,Who won the gold medal in the event held at Richmond Olympic Oval on 14 February 2010?,"[""Martina S\u00e1bl\u00edkov\u00e1""]",Mark Tuitert,0.0,1.0,2055,5.19,Martina Sáblíková,1.0,1.0,4060,11.37,Martina Sáblíková,1.0,1.0,1977,8.41
pub-012,aggregation,"According to the provided corpus, how many rowing events at the 2020 Summer Olympics had more than 36 competitors?","[""6""]",5,0.0,0.571,3979,10.04,4,0.0,0.571,2052,5.85,6,1.0,0.429,1224,6.74
pub-013,temporal,Who won the gold medal in the women's 200 metre freestyle swimming event at the Summer Olympics held immediately before 2016?,"[""Allison Schmitt""]",Allison Schmitt,1.0,1.0,2055,5.01,Allison Schmitt,1.0,1.0,3808,9.64,Allison Schmitt,1.0,1.0,4302,16.89
pub-014,multi_hop,Who won the gold medal in the event held at Riocentro – Pavilion 4 on 11–19 August at the 2016 Summer Olympics?,"[""Carolina Mar\u00edn""]",I don't know.,0.0,0.0,3862,9.62,I don't know.,0.0,0.0,3889,9.97,I don't know.,0.0,0.0,9674,35.79
pub-015,multi_hop,Who won the gold medal in the event held at London Velopark on 3 to 4 August at the 2012 Summer Olympics?,"[""Dani KingLaura TrottJoanna Rowsell""]",Dani KingLaura TrottJoanna Rowsell,1.0,1.0,3870,9.64,"Dani King, Laura Trott, Joanna Rowsell",0.0,1.0,3601,9.32,Anna Meares,0.0,0.0,3017,12.44
pub-016,temporal,Who won the gold medal in the men's sprint biathlon event at the Winter Olympics held immediately before 2022?,"[""Arnd Peiffer""]",Ole Einar Bjørndalen,0.0,1.0,2059,5.09,Arnd Peiffer,1.0,1.0,3467,8.42,I don't know.,0.0,0.5,8797,34.88
pub-017,multi_hop,Who won the gold medal in the event held at Royal Artillery Barracks on 28 July 2012?,"[""Yi Siling""]",I don't know.,0.0,0.0,3483,8.99,I don't know.,0.0,0.0,3527,8.47,Yi Siling,1.0,1.0,1960,8.39
pub-018,temporal,Who won the gold medal in the men's freestyle 82 kg wrestling event at the Summer Olympics held immediately before 1996?,"[""Kevin Jackson""]",Nergüin Tümennast,0.0,1.0,2058,5.08,Kevin Jackson,1.0,1.0,3694,9.8,Kevin Jackson,1.0,0.5,7817,28.81
pub-019,aggregation,"According to the provided corpus, how many fencing events at the 1988 Summer Olympics had more than 68 competitors?","[""3""]",8,0.0,1.0,2052,5.08,3,1.0,1.0,3923,9.51,3,1.0,1.0,2460,10.95
pub-020,aggregation,"According to the provided corpus, how many alpine skiing events at the 2014 Winter Olympics had more than 63 competitors?","[""4""]",2,0.0,0.4,2052,4.93,2,0.0,0.4,3858,9.64,4,1.0,0.4,1180,7.02
